Size (sqft),For Rent By,Furnished,Unit Type,Bedrooms,Bathrooms,Agreement Type,Move-In Date,Pet Friendly,Laundry (In Unit),Laundry (In Building),Dishwasher,Fridge / Freezer,Air Conditioning,Yard,Balcony,Smoking Permitted,Gym,Pool,Concierge,24 Hour Security,Bicycle Parking,Storage Space,Elevator in Building,Wheelchair accessible,Braille Labels,Audio Prompts,Barrier-free Entrances and Ramps,Visual Aids,Accessible Washrooms in Suite,Hydro,Heat,Water,Cable / TV,Internet,Parking Included,Additional Options,Term Agreement,More Info
,Owner,No,,,,,,,,,,,,,,,,,,,,,,,,,,,,,,,,,,,,
,Professional,No,Apartment,2,1,1 Year,,Limited,No,No,No,No,Yes,No,No,Outdoors only,No,No,No,No,No,No,No,No,No,No,No,No,No,No,Yes,Yes,No,No,1,,,
,Professional,No,Apartment,1,1,1 Year,,No,Yes,No,Yes,Yes,No,Yes,Yes,Outdoors only,No,No,No,No,No,No,Yes,Yes,No,No,Yes,No,No,No,Yes,Yes,Yes,Yes,1,,,
,Professional,No,Apartment,1,1,1 Year,,Limited,No,Yes,No,Yes,No,No,Yes,No,No,No,No,No,No,No,No,No,No,No,No,No,No,No,Yes,Yes,No,No,0,,,
,Professional,No,Apartment,2,2,1 Year,,Limited,No,No,No,No,Yes,No,No,Outdoors only,No,No,No,No,No,No,No,No,No,No,No,No,No,No,No,Yes,No,No,0,,,
,Owner,No,Basement,1,1,Month-to-month,,Limited,Yes,No,No,No,Yes,No,No,No,No,No,No,No,No,No,No,No,No,No,No,No,No,No,No,No,No,No,1,,,
,Owner,Yes,Duplex/Triplex,1,1,Month-to-month,,No,No,No,No,No,Yes,No,No,No,No,No,No,No,No,No,No,No,No,No,No,No,No,No,No,No,No,No,2,,,
,Professional,No,Apartment,3,1.5,1 Year,,Yes,No,Yes,Yes,Yes,No,No,Yes,No,Yes,No,No,No,No,No,No,No,No,No,No,No,No,No,No,No,No,No,1,,,
,Professional,No,Apartment,2,1,1 Year,,Limited,No,Yes,Yes,Yes,No,Yes,Yes,No,Yes,No,No,No,No,No,No,No,No,No,No,No,No,No,No,No,No,No,1,,,
,Professional,No,,,,,,,,,,,,,,,,,,,,,,,,,,,,,,,,,,,,
,Professional,No,,,,,,,,,,,,,,,,,,,,,,,,,,,,,,,,,,,,
,Owner,No,House,4,2.5,1 Year,,Yes,Yes,No,Yes,Yes,No,Yes,Yes,Outdoors only,No,No,No,No,No,No,No,No,No,No,No,No,No,No,No,No,No,No,2,,,
,Owner,No,House,4,3.5,1 Year,,No,No,No,No,No,No,No,No,No,No,No,No,No,No,No,No,No,No,No,No,No,No,No,No,No,No,No,2,,,
,Professional,No,Apartment,2,2,1 Year,,Yes,No,No,Yes,No,No,No,No,No,No,No,No,No,No,No,Yes,No,No,No,No,No,No,No,Yes,Yes,No,No,0,,,
,Professional,No,Apartment,1,1,1 Year,,Yes,No,No,Yes,No,No,No,No,No,No,No,No,No,No,No,Yes,No,No,No,No,No,No,No,Yes,Yes,No,No,0,,,
,Professional,No,Apartment,1,1,1 Year,,Yes,No,Yes,No,Yes,No,No,Yes,No,No,No,No,No,No,No,No,No,No,No,No,No,No,No,Yes,Yes,No,No,1,,,
,Professional,No,Apartment,2,1,1 Year,,Yes,No,Yes,No,Yes,No,No,Yes,No,No,No,No,No,No,No,No,No,No,No,No,No,No,No,Yes,Yes,No,No,1,,,
,Professional,No,Apartment,1,1,1 Year,,Yes,No,Yes,No,Yes,No,No,Yes,No,No,No,No,No,No,No,No,No,No,No,No,No,No,No,Yes,Yes,No,No,1,,,
,Professional,No,Apartment,2,1.5,1 Year,,Yes,No,Yes,No,Yes,No,No,Yes,No,No,No,No,No,No,No,No,No,No,No,No,No,No,No,Yes,Yes,No,No,1,,,
,Professional,No,Apartment,1,1,1 Year,,No,No,Yes,No,Yes,No,No,Yes,No,No,No,No,No,No,No,No,No,No,No,No,No,No,No,Yes,Yes,No,No,1,,,
,Professional,No,Apartment,1,1,1 Year,,Yes,No,Yes,Yes,Yes,No,No,Yes,No,No,No,No,No,No,No,Yes,No,No,No,No,No,No,No,No,No,No,No,1,,,
,Professional,No,Apartment,2,1,1 Year,,Yes,No,Yes,No,Yes,No,Yes,No,No,No,No,No,No,No,No,No,No,No,No,No,No,No,No,Yes,Yes,No,No,1,,,
,Professional,No,House,3,2.5,1 Year,,Yes,Yes,Yes,Yes,Yes,No,Yes,No,No,No,No,No,No,No,No,No,No,No,No,No,No,No,No,No,No,No,No,0,,,
,Professional,No,Apartment,2,1,1 Year,,Yes,No,Yes,Yes,Yes,No,No,Yes,No,No,No,No,No,No,No,No,No,No,No,No,No,No,No,Yes,Yes,No,No,1,,,
,Professional,No,Apartment,1,1,1 Year,,Yes,No,No,No,Yes,No,No,Yes,No,No,No,No,No,No,No,No,No,No,No,No,No,No,No,Yes,Yes,No,No,1,,,
,Professional,No,Apartment,1,1,1 Year,,No,No,Yes,Yes,Yes,No,No,Yes,No,No,No,No,No,No,No,No,No,No,No,No,No,No,No,Yes,Yes,No,No,1,,,
,Professional,No,Apartment,3,1,1 Year,,Yes,No,Yes,Yes,Yes,No,Yes,No,No,No,No,No,No,No,No,No,No,No,No,No,No,No,No,No,No,No,No,1,,,
,Professional,No,Apartment,2,1,1 Year,,Yes,No,Yes,No,Yes,No,Yes,Yes,No,No,No,No,No,No,No,No,No,No,No,No,No,No,No,Yes,Yes,No,No,1,,,
,Professional,No,Apartment,1,1,1 Year,,No,No,Yes,Yes,Yes,No,No,Yes,No,No,No,No,No,No,No,No,No,No,No,No,No,No,No,No,No,No,No,1,,,
,Professional,No,House,3,2.5,1 Year,,Yes,Yes,No,Yes,Yes,No,No,Yes,No,No,No,No,No,No,No,No,No,No,No,No,No,No,No,No,No,No,No,0,,,
,Professional,No,Apartment,1,1,1 Year,,Yes,No,Yes,Yes,Yes,No,Yes,Yes,No,No,No,No,No,No,No,Yes,No,No,No,No,No,No,No,Yes,Yes,No,No,0,,,
,Professional,No,Apartment,2,1,1 Year,,Yes,No,Yes,Yes,Yes,No,Yes,Yes,No,No,No,No,No,No,No,Yes,No,No,No,No,No,No,No,Yes,Yes,No,No,0,,,
,Professional,No,House,2,1,1 Year,,Yes,Yes,Yes,Yes,Yes,No,No,Yes,No,No,No,No,No,No,No,No,No,No,No,No,No,No,No,No,No,No,No,1,,,
,Professional,No,Apartment,1,1,1 Year,,Yes,No,Yes,Yes,Yes,No,No,Yes,No,No,No,No,No,No,No,No,No,No,No,No,No,No,No,Yes,Yes,No,No,1,,,
,Professional,No,House,3,1.5,1 Year,,Yes,Yes,Yes,Yes,Yes,No,No,No,No,No,No,No,No,No,No,No,No,No,No,No,No,No,No,No,No,No,No,1,,,
,Professional,No,Apartment,1,1,1 Year,,Yes,No,Yes,Yes,Yes,No,Yes,No,No,No,No,No,No,No,No,No,No,No,No,No,No,No,No,No,No,No,No,1,,,
,Professional,No,Apartment,2,1,1 Year,,Yes,No,Yes,No,Yes,No,Yes,Yes,No,No,No,No,No,No,No,No,No,No,No,No,No,No,No,No,No,No,No,1,,,
,Professional,No,Apartment,2,1,1 Year,,Yes,No,Yes,No,Yes,No,No,No,No,No,No,No,No,No,No,No,No,No,No,No,No,No,No,No,No,No,No,1,,,
,Professional,No,Apartment,2,1,1 Year,,Yes,No,No,No,Yes,No,No,Yes,No,No,No,No,No,No,No,No,No,No,No,No,No,No,No,Yes,Yes,No,No,1,,,
,Professional,No,Apartment,2,1,1 Year,,Yes,No,Yes,No,Yes,No,No,No,No,No,No,No,No,No,No,No,No,No,No,No,No,No,No,Yes,Yes,No,No,1,,,
,Professional,No,Apartment,Bachelor/Studio,1,1 Year,,Yes,No,Yes,Yes,Yes,Yes,No,No,No,Yes,Yes,No,No,No,No,Yes,No,No,No,No,No,No,Yes,Yes,Yes,No,No,0,,,
,Professional,No,Apartment,1,1,1 Year,,Limited,No,Yes,No,Yes,No,No,No,No,No,No,No,No,No,No,No,No,No,No,No,No,No,No,Yes,Yes,Yes,Yes,0,,,
,Owner,No,,,,,,,,,,,,,,,,,,,,,,,,,,,,,,,,,,,,
,Owner,No,,,,,,,,,,,,,,,,,,,,,,,,,,,,,,,,,,,,
,Professional,Yes,Apartment,1,1,1 Year,,No,No,No,No,Yes,No,Yes,Yes,Outdoors only,No,No,Yes,Yes,Yes,No,No,No,No,No,Yes,Yes,Yes,Yes,Yes,Yes,Yes,Yes,1,,,
,Professional,No,Apartment,2,1,1 Year,,No,No,Yes,No,Yes,No,No,Yes,No,No,No,No,No,No,No,No,No,No,No,No,No,No,No,Yes,Yes,No,No,1,,,
,Professional,No,Apartment,1,1,1 Year,,Yes,No,Yes,No,Yes,No,No,No,No,No,No,No,No,No,No,No,No,No,No,No,No,No,No,Yes,Yes,No,No,1,,,
,Professional,No,Apartment,Bachelor/Studio,1,1 Year,,Yes,No,Yes,No,Yes,No,No,Yes,No,No,No,No,No,No,No,No,No,No,No,No,No,No,No,Yes,Yes,No,No,1,,,
,Professional,No,Apartment,2,2,1 Year,,Yes,Yes,Yes,Yes,Yes,No,Yes,Yes,No,No,No,No,No,No,No,Yes,No,No,No,No,No,No,No,No,No,No,No,0,,,
,Professional,No,Apartment,1,1,1 Year,,Yes,No,No,No,Yes,No,No,No,No,No,No,No,No,No,No,No,No,No,No,No,No,No,No,No,No,No,No,0,,,
,Professional,No,Apartment,2,1,1 Year,,Yes,No,Yes,No,Yes,No,Yes,Yes,No,No,No,No,No,No,No,Yes,No,No,No,No,No,No,No,Yes,Yes,No,No,1,,,
,Professional,No,House,3,2.5,1 Year,,Yes,Yes,Yes,Yes,Yes,No,No,No,No,No,No,No,No,No,No,No,No,No,No,No,No,No,No,No,No,No,No,1,,,
,Professional,No,Apartment,2,1,1 Year,,Yes,No,Yes,No,Yes,No,No,Yes,No,No,No,No,No,No,No,No,No,No,No,No,No,No,No,Yes,Yes,No,No,1,,,
,Professional,No,Apartment,1,1,1 Year,,No,No,Yes,No,Yes,No,No,Yes,No,No,No,No,No,No,No,No,No,No,No,No,No,No,No,Yes,Yes,No,No,1,,,
,Professional,No,Apartment,1,1,1 Year,,Yes,No,Yes,No,Yes,No,No,Yes,No,No,No,No,No,No,No,No,No,No,No,No,No,No,No,Yes,Yes,No,No,1,,,
,Professional,No,Apartment,2,1,1 Year,,No,No,Yes,No,Yes,No,No,Yes,No,No,No,No,No,No,No,No,No,No,No,No,No,No,No,Yes,Yes,No,No,1,,,
,Professional,No,Apartment,2,1,1 Year,,Yes,No,Yes,No,Yes,No,No,Yes,No,No,No,No,No,No,No,No,No,No,No,No,No,No,No,Yes,Yes,No,No,1,,,
,Professional,No,Apartment,1,1,1 Year,,Yes,No,No,No,Yes,No,No,No,No,No,No,No,No,No,No,No,No,No,No,No,No,No,No,Yes,Yes,No,No,1,,,
,Professional,No,Apartment,1,1,1 Year,,No,No,Yes,No,Yes,No,No,Yes,No,No,No,No,No,No,No,No,No,No,No,No,No,No,No,Yes,Yes,No,No,1,,,
,Professional,No,Apartment,1,1,1 Year,,Yes,No,Yes,No,Yes,No,Yes,Yes,No,No,No,No,No,No,No,No,No,No,No,No,No,No,No,No,No,No,No,1,,,
,Professional,No,Apartment,2,1,1 Year,,Yes,No,No,No,Yes,No,No,No,No,No,No,No,No,No,No,No,No,No,No,No,No,No,No,Yes,Yes,No,No,1,,,
,Professional,No,Apartment,1,1,1 Year,,Yes,No,Yes,No,Yes,No,Yes,Yes,No,No,No,No,No,No,No,No,No,No,No,No,No,No,No,Yes,Yes,No,No,1,,,
,Owner,No,,,,,,,,,,,,,,,,,,,,,,,,,,,,,,,,,,,,
,Professional,No,Apartment,2,2,1 Year,,Yes,Yes,No,Yes,Yes,No,No,Yes,No,Yes,No,No,No,No,Yes,Yes,No,No,No,No,No,No,No,Yes,Yes,No,No,0,,,
,Owner,No,Apartment,1,1,1 Year,,No,Yes,No,Yes,Yes,No,No,No,No,No,No,No,No,No,No,No,No,No,No,No,No,No,No,Yes,No,No,No,1,,,
,Owner,No,House,2,1,1 Year,,No,Yes,No,Yes,Yes,No,Yes,No,Outdoors only,No,No,No,No,No,No,No,No,No,No,No,No,No,No,No,No,No,No,2,,,
,Owner,No,Basement,2,1,Month-to-month,,No,No,No,No,No,No,No,No,No,No,No,No,No,No,No,No,No,No,No,No,No,No,No,No,No,No,Yes,2,,,
,Owner,No,Townhouse,3,1.5,1 Year,,No,Yes,No,Yes,Yes,No,Yes,Yes,No,No,No,No,No,No,No,No,No,No,No,No,No,No,No,No,No,No,Yes,2,,,
,Owner,No,House,3,1,1 Year,,Limited,No,Yes,No,No,No,Yes,No,No,No,No,No,No,No,No,No,No,No,No,No,No,No,No,No,No,No,No,2,,,
,Owner,No,Apartment,Bachelor/Studio,1,1 Year,,No,No,Yes,No,Yes,No,No,No,Outdoors only,No,No,No,No,No,No,No,No,No,No,No,No,No,Yes,Yes,Yes,No,Yes,0,,,
,Owner,No,House,5+,3,1 Year,,Limited,Yes,No,Yes,Yes,No,Yes,Yes,Outdoors only,No,No,No,No,No,No,No,No,No,No,No,No,No,No,No,No,No,No,3+,,,
,Professional,No,Apartment,2,1,1 Year,,Limited,No,No,No,No,No,No,Yes,No,No,No,No,No,No,No,No,No,No,No,No,No,No,No,No,No,No,No,0,,,
,Owner,No,Apartment,2,2,1 Year,,Yes,Yes,No,Yes,Yes,No,No,Yes,No,Yes,No,No,No,Yes,Yes,Yes,No,No,No,No,No,No,No,Yes,Yes,No,No,0,,,
,Professional,No,Apartment,1,1,1 Year,,Yes,No,Yes,No,Yes,No,No,Yes,No,No,No,No,No,No,No,No,No,No,No,No,No,No,No,No,No,No,No,1,,,
,Professional,No,Apartment,2,1,1 Year,,Yes,No,Yes,No,Yes,No,Yes,No,No,No,No,No,No,No,No,No,No,No,No,No,No,No,No,Yes,Yes,No,No,1,,,
,Professional,No,Apartment,1,1,1 Year,,Yes,No,Yes,No,No,No,Yes,No,No,No,No,No,No,No,No,No,No,No,No,No,No,No,No,Yes,Yes,No,No,0,,,
,Professional,Yes,,,,,,,,,,,,,,,,,,,,,,,,,,,,,,,,,,,,
,Professional,Yes,,,,,,,,,,,,,,,,,,,,,,,,,,,,,,,,,,,,
,Professional,Yes,,,,,,,,,,,,,,,,,,,,,,,,,,,,,,,,,,,,
,Professional,Yes,,,,,,,,,,,,,,,,,,,,,,,,,,,,,,,,,,,,
,Owner,No,Duplex/Triplex,3 + Den,1.5,1 Year,,Yes,Yes,No,Yes,Yes,No,Yes,Yes,No,No,No,No,No,No,No,No,No,No,No,No,No,No,No,No,No,No,No,2,,,
,Professional,No,Apartment,1,1,1 Year,,No,Yes,No,Yes,Yes,No,No,Yes,No,Yes,No,No,No,No,No,Yes,No,No,No,No,No,No,No,Yes,No,No,No,0,,,
,Owner,Yes,Basement,2,1,1 Year,,No,Yes,No,Yes,Yes,Yes,Yes,No,No,No,No,No,No,No,No,No,No,No,No,No,No,No,Yes,Yes,Yes,No,No,2,,,
,Professional,Yes,,,,,,,,,,,,,,,,,,,,,,,,,,,,,,,,,,,,
,Professional,Yes,,,,,,,,,,,,,,,,,,,,,,,,,,,,,,,,,,,,
,Professional,Yes,,,,,,,,,,,,,,,,,,,,,,,,,,,,,,,,,,,,
,Professional,Yes,,,,,,,,,,,,,,,,,,,,,,,,,,,,,,,,,,,,
,Professional,Yes,,,,,,,,,,,,,,,,,,,,,,,,,,,,,,,,,,,,
,Professional,Yes,,,,,,,,,,,,,,,,,,,,,,,,,,,,,,,,,,,,
,Professional,Yes,,,,,,,,,,,,,,,,,,,,,,,,,,,,,,,,,,,,
,Professional,Yes,,,,,,,,,,,,,,,,,,,,,,,,,,,,,,,,,,,,
,Professional,Yes,,,,,,,,,,,,,,,,,,,,,,,,,,,,,,,,,,,,
,Professional,Yes,,,,,,,,,,,,,,,,,,,,,,,,,,,,,,,,,,,,
,Professional,Yes,,,,,,,,,,,,,,,,,,,,,,,,,,,,,,,,,,,,
,Professional,No,Apartment,2,1,1 Year,,Yes,No,Yes,Yes,Yes,Yes,No,Yes,No,No,No,No,No,No,No,No,No,No,No,No,No,No,No,Yes,Yes,No,No,0,,,
,Professional,No,Townhouse,2,2,1 Year,,No,Yes,No,Yes,Yes,No,No,No,No,No,No,No,No,No,No,No,No,No,No,No,No,No,No,No,Yes,No,No,2,,,
,Owner,No,Townhouse,2,1.5,1 Year,,No,Yes,Yes,Yes,Yes,No,No,No,No,No,No,No,No,No,Yes,No,No,No,No,No,No,No,No,No,No,No,No,1,,,
,Owner,No,Apartment,2,1,1 Year,,No,Yes,No,No,Yes,Yes,Yes,No,No,No,No,No,No,No,No,No,No,No,No,No,No,No,No,No,No,No,No,2,,,
,Professional,No,Apartment,1,1,1 Year,,Yes,No,Yes,Yes,Yes,Yes,No,Yes,No,No,No,No,No,No,No,No,No,No,No,No,No,No,No,Yes,Yes,No,No,0,,,
,Professional,No,Apartment,2,1,1 Year,,Yes,No,Yes,No,Yes,No,No,No,No,No,No,No,No,No,No,No,No,No,No,No,No,No,No,Yes,Yes,No,No,0,,,
,Owner,No,Duplex/Triplex,2,2.5,Month-to-month,,No,Yes,No,Yes,Yes,No,Yes,No,No,No,No,No,No,No,No,No,No,No,No,No,No,No,Yes,Yes,Yes,No,Yes,2,,,
,Professional,No,Apartment,1,1,1 Year,,Limited,No,No,No,Yes,No,No,No,No,No,No,No,Yes,No,No,No,No,No,No,No,No,No,No,No,Yes,No,Yes,0,,,
,Professional,No,Apartment,1,1,1 Year,,Limited,No,Yes,No,Yes,No,Yes,Yes,No,No,No,No,No,No,No,No,No,No,No,No,No,No,No,Yes,Yes,No,No,0,,,
,Professional,No,Apartment,1,1,1 Year,,Limited,No,No,No,Yes,No,No,No,No,No,No,No,Yes,No,No,No,No,No,No,No,No,No,No,Yes,Yes,Yes,Yes,0,,,
,Professional,No,Apartment,1,1,1 Year,,Limited,No,Yes,No,Yes,No,No,Yes,No,No,No,No,No,No,No,Yes,No,No,No,No,No,No,No,Yes,Yes,No,No,0,,,
,Professional,No,Apartment,1,1,1 Year,,No,No,Yes,No,Yes,Yes,No,No,No,No,No,No,Yes,No,No,Yes,No,No,No,No,No,No,No,Yes,Yes,No,No,0,,,
,Professional,No,Apartment,1,1,1 Year,,Limited,No,No,No,Yes,No,Yes,No,No,No,No,No,No,No,No,No,No,No,No,No,No,No,No,Yes,Yes,No,No,0,,,
,Professional,No,Apartment,2,1,1 Year,,Limited,Yes,No,Yes,Yes,No,No,Yes,No,No,No,No,No,No,No,Yes,No,No,No,No,No,No,No,Yes,Yes,No,No,0,,,
,Professional,No,Apartment,2,2,1 Year,,Limited,Yes,No,Yes,Yes,No,No,Yes,No,Yes,No,No,No,No,No,No,No,No,No,No,No,No,No,Yes,Yes,No,No,0,,,
,Professional,No,Apartment,1,1,1 Year,,Limited,Yes,No,Yes,Yes,No,No,Yes,No,Yes,No,No,No,No,No,No,No,No,No,No,No,No,No,Yes,Yes,No,No,0,,,
,Professional,No,Apartment,Bachelor/Studio,1,1 Year,,Limited,Yes,No,Yes,Yes,No,No,Yes,No,Yes,No,No,No,No,No,No,No,No,No,No,No,No,No,Yes,Yes,No,No,0,,,
,Professional,No,Apartment,1,1,1 Year,,Limited,No,Yes,Yes,Yes,No,No,No,No,Yes,No,No,Yes,No,No,Yes,No,No,No,No,No,No,Yes,Yes,Yes,No,No,0,,,
,Professional,No,Apartment,Bachelor/Studio,1,1 Year,,Limited,No,Yes,Yes,Yes,No,No,No,No,Yes,No,No,Yes,No,No,Yes,No,No,No,No,No,No,Yes,Yes,Yes,No,No,0,,,
,Professional,No,Apartment,1,1,1 Year,,Limited,No,Yes,Yes,Yes,No,No,Yes,No,Yes,No,No,Yes,No,No,Yes,No,No,No,No,No,No,Yes,Yes,Yes,No,No,0,,,
,Professional,No,Apartment,2,1,1 Year,,Yes,No,Yes,No,Yes,No,No,Yes,No,No,No,No,No,No,No,No,No,No,No,No,No,No,No,Yes,Yes,No,No,1,,,
,Professional,No,Apartment,2,2,1 Year,,Yes,No,No,No,No,No,No,No,No,No,No,No,No,No,No,Yes,No,No,No,No,No,No,No,Yes,Yes,No,No,0,,,
,Professional,No,Apartment,2,2,1 Year,,Yes,Yes,No,Yes,Yes,No,No,Yes,No,No,No,No,Yes,No,No,Yes,Yes,No,No,Yes,No,No,No,Yes,Yes,No,No,1,,,
,Professional,No,Apartment,2,1,1 Year,,Limited,No,Yes,No,Yes,No,No,Yes,No,No,No,No,No,No,No,Yes,No,No,No,No,No,No,No,Yes,Yes,No,No,0,,,
,Professional,Yes,,,,,,,,,,,,,,,,,,,,,,,,,,,,,,,,,,,,
,Professional,No,Townhouse,3,1.5,1 Year,,Yes,Yes,No,Yes,Yes,No,Yes,No,Yes,No,No,No,No,No,No,No,No,No,No,No,No,No,No,No,No,No,No,2,,,
,Professional,No,Apartment,1,1,1 Year,,Limited,No,Yes,No,Yes,Yes,No,Yes,No,No,No,No,No,No,No,No,No,No,No,No,No,No,No,Yes,Yes,No,No,0,,,
,Professional,No,Apartment,1,1,1 Year,,No,Yes,No,Yes,Yes,Yes,No,No,No,Yes,Yes,No,No,No,No,Yes,No,No,No,No,No,No,Yes,Yes,Yes,No,No,0,,,
,Professional,No,Apartment,1,1,1 Year,,Limited,No,Yes,Yes,Yes,No,No,No,No,No,No,No,No,No,No,No,No,No,No,No,No,No,Yes,Yes,Yes,No,No,0,,,
,Professional,Yes,Apartment,Bachelor/Studio,1,1 Year,,No,No,Yes,Yes,Yes,No,No,No,No,Yes,Yes,Yes,Yes,Yes,Yes,Yes,Yes,No,No,Yes,No,No,Yes,Yes,Yes,Yes,Yes,0,,,
,Professional,No,Apartment,2,2,1 Year,,No,Yes,No,Yes,No,No,Yes,Yes,Outdoors only,No,No,No,No,No,No,Yes,No,No,No,No,No,No,No,Yes,Yes,Yes,Yes,1,,,
,Professional,No,Apartment,1 + Den,1,1 Year,,Limited,Yes,No,Yes,Yes,No,No,Yes,No,Yes,No,No,Yes,No,No,Yes,No,No,No,No,No,No,No,Yes,Yes,No,No,1,,,
,Professional,No,Apartment,2,1,1 Year,,Limited,Yes,No,Yes,Yes,No,No,No,No,No,No,No,No,No,No,No,No,No,No,No,No,No,No,Yes,Yes,No,No,0,,,
,Owner,No,Condo,1,1,1 Year,,No,No,Yes,Yes,Yes,No,No,Yes,No,Yes,No,No,Yes,Yes,Yes,Yes,No,No,No,No,No,No,Yes,Yes,Yes,No,Yes,1,,,
,Owner,No,House,3,1.5,1 Year,,Limited,Yes,No,Yes,Yes,No,Yes,No,No,No,No,No,No,No,No,No,No,No,No,No,No,No,No,No,No,No,No,3+,,,
,Owner,No,Condo,2,1,Month-to-month,,No,No,No,No,No,Yes,No,No,No,No,No,No,No,No,No,No,No,No,No,No,No,No,No,No,No,No,No,1,,,
,Owner,No,Basement,2,1,1 Year,,No,Yes,No,Yes,Yes,No,No,No,No,No,No,No,No,No,No,No,No,No,No,No,No,No,Yes,Yes,Yes,No,No,1,,,
,Owner,Yes,Basement,1,1,1 Year,,No,No,Yes,No,Yes,No,Yes,No,No,No,No,No,No,No,No,No,No,No,No,No,No,No,No,No,No,No,No,1,,,
,Owner,No,Townhouse,3,2.5,1 Year,,Limited,Yes,No,Yes,Yes,Yes,No,Yes,No,No,No,No,No,No,No,No,No,No,No,No,No,No,Yes,Yes,Yes,No,No,1,,,
,Professional,No,Basement,1 + Den,1,1 Year,,No,No,No,No,No,No,No,No,Outdoors only,No,No,No,No,No,No,No,No,No,No,No,No,No,No,No,No,No,No,1,,,
,Owner,No,Condo,2 + Den,2,1 Year,,Yes,Yes,No,Yes,Yes,No,No,Yes,No,No,No,No,No,Yes,No,Yes,Yes,No,No,No,No,Yes,No,Yes,Yes,No,No,1,,,
,Owner,No,Apartment,1,1,Month-to-month,,No,No,Yes,No,Yes,No,No,No,No,No,No,No,No,No,No,No,No,No,No,No,No,No,No,Yes,Yes,No,No,1,,,
,Owner,Yes,House,4,3,1 Year,,No,Yes,No,Yes,Yes,Yes,Yes,Yes,No,No,No,No,Yes,Yes,Yes,No,No,No,No,No,No,No,Yes,Yes,Yes,No,No,3+,,,
,Owner,No,,,,,,,,,,,,,,,,,,,,,,,,,,,,,,,,,,,,
,Professional,No,,,,,,,,,,,,,,,,,,,,,,,,,,,,,,,,,,,,
,Owner,No,House,3,2.5,1 Year,,Limited,No,No,No,No,Yes,No,No,No,No,No,No,No,No,No,No,No,No,No,No,No,No,No,No,No,No,No,3+,,,
,Owner,No,Duplex/Triplex,3,1.5,1 Year,,No,Yes,No,Yes,Yes,No,Yes,No,Outdoors only,No,No,No,No,No,No,No,No,No,No,No,No,No,No,No,No,No,No,3+,,,
,Owner,Yes,Condo,2,2,1 Year,,Yes,Yes,No,Yes,Yes,No,No,Yes,No,No,No,No,Yes,Yes,No,Yes,Yes,No,No,No,No,Yes,Yes,Yes,Yes,Yes,Yes,2,,,
,Owner,No,Apartment,2,1.5,1 Year,,Limited,No,Yes,Yes,Yes,No,No,Yes,No,Yes,Yes,Yes,No,Yes,Yes,Yes,Yes,No,No,No,No,No,No,Yes,Yes,No,No,0,,,
,Professional,No,Townhouse,2,2.5,1 Year,,No,Yes,No,Yes,Yes,No,No,No,No,No,No,No,No,No,No,No,No,No,No,No,No,No,No,No,No,No,No,0,,,
,Professional,No,,,,,,,,,,,,,,,,,,,,,,,,,,,,,,,,,,,,
,Professional,No,Apartment,2,1,1 Year,,Yes,No,Yes,No,Yes,Yes,No,Yes,No,No,No,No,No,No,No,No,No,No,No,No,No,No,No,Yes,Yes,No,No,0,,,
,Professional,No,Apartment,2,1,1 Year,,Yes,No,Yes,Yes,Yes,No,No,Yes,No,No,No,No,No,No,No,Yes,No,No,No,No,No,No,No,Yes,Yes,No,No,0,,,
,Professional,No,Apartment,1,1,1 Year,,Yes,No,Yes,Yes,Yes,Yes,No,Yes,No,No,No,No,No,No,No,No,No,No,No,No,No,No,No,Yes,Yes,No,No,0,,,
,Professional,No,Apartment,2,1,1 Year,,Limited,No,Yes,No,Yes,No,No,Yes,No,No,No,No,No,No,No,Yes,No,No,No,No,No,No,No,Yes,Yes,No,No,0,,,
,Owner,No,,,,,,,,,,,,,,,,,,,,,,,,,,,,,,,,,,,,
,Professional,No,Apartment,2,1,1 Year,,Limited,Yes,No,Yes,Yes,No,No,Yes,No,Yes,No,No,No,No,Yes,Yes,No,No,No,Yes,No,No,No,Yes,Yes,No,No,2,,,
,Professional,No,Apartment,2,1,1 Year,,Yes,No,Yes,No,Yes,No,No,Yes,No,No,No,No,No,No,No,Yes,No,No,No,No,No,No,No,Yes,Yes,No,No,0,,,
,Owner,Yes,Apartment,3,3,1 Year,,No,Yes,No,Yes,Yes,No,No,Yes,No,No,No,No,No,No,No,Yes,No,No,No,No,No,No,Yes,Yes,Yes,Yes,Yes,1,,,
,Owner,No,House,5+,2.5,1 Year,,Limited,Yes,No,Yes,Yes,No,Yes,Yes,Outdoors only,No,No,No,No,No,No,No,No,No,No,No,No,No,No,No,Yes,No,No,3+,,,
,Owner,No,Apartment,1,1,1 Year,,Limited,No,No,No,No,No,No,No,No,No,No,No,No,No,No,No,No,No,No,No,No,No,No,No,No,No,No,1,,,
,Owner,No,,,,,,,,,,,,,,,,,,,,,,,,,,,,,,,,,,,,
,Professional,No,House,3,2.5,1 Year,,No,No,No,No,No,Yes,No,No,No,No,No,No,No,No,No,No,No,No,No,No,No,No,No,No,No,No,No,3+,,,
,Professional,No,Basement,1,1,1 Year,,No,Yes,No,Yes,Yes,No,No,No,No,No,No,No,No,No,No,No,No,No,No,No,No,No,No,No,No,No,No,1,,,
,Professional,Yes,Condo,1,1,1 Year,,No,Yes,No,Yes,Yes,No,No,Yes,No,No,No,No,No,No,No,Yes,No,No,No,No,No,No,No,No,Yes,No,No,1,,,
,Professional,No,,,,,,,,,,,,,,,,,,,,,,,,,,,,,,,,,,,,
,Owner,Yes,Basement,1,1,1 Year,,No,No,No,No,No,No,No,No,No,No,No,No,No,No,No,No,No,No,No,No,No,No,No,No,No,No,No,1,,,
,Professional,No,Basement,1,1,1 Year,,Limited,Yes,No,Yes,Yes,No,No,No,No,No,No,No,No,No,No,No,No,No,No,No,No,No,No,No,No,No,No,0,,,
,Owner,Yes,Basement,2 + Den,1,1 Year,,No,Yes,No,No,No,No,No,No,No,No,No,No,No,No,No,No,No,No,No,No,No,No,Yes,Yes,Yes,No,Yes,1,,,
,Owner,No,House,3 + Den,2,1 Year,,Yes,No,No,No,No,No,No,No,No,No,No,No,No,No,No,No,No,No,No,No,No,No,No,No,No,No,No,2,,,
,Owner,No,Basement,2,1,1 Year,,No,Yes,No,Yes,Yes,No,Yes,Yes,No,No,No,No,Yes,No,No,No,No,No,No,No,No,No,Yes,Yes,Yes,Yes,Yes,0,,,
,Owner,No,Apartment,1 + Den,2,1 Year,,No,Yes,No,Yes,Yes,Yes,No,Yes,No,No,No,No,No,No,No,Yes,No,No,No,No,No,No,No,Yes,Yes,No,No,1,,,
,Owner,No,,,,,,,,,,,,,,,,,,,,,,,,,,,,,,,,,,,,
,Owner,No,,,,,,,,,,,,,,,,,,,,,,,,,,,,,,,,,,,,
,Owner,No,Duplex/Triplex,2,1.5,1 Year,,Limited,Yes,No,Yes,Yes,No,No,Yes,Outdoors only,No,No,No,No,No,No,No,No,No,No,No,No,No,Yes,Yes,Yes,No,No,0,,,
,Owner,No,House,3 + Den,1.5,Month-to-month,,No,Yes,No,No,Yes,No,Yes,Yes,No,No,No,No,No,No,No,No,No,No,No,Yes,No,No,No,No,No,No,No,1,,,
,Professional,No,Basement,1,1,1 Year,,Limited,Yes,No,Yes,Yes,No,No,No,No,No,No,No,No,No,No,No,No,No,No,No,No,No,No,No,No,No,No,0,,,
,Owner,Yes,House,3 + Den,2.5,1 Year,,No,Yes,No,Yes,Yes,No,Yes,No,Yes,No,No,No,No,No,No,No,No,No,No,No,No,No,No,No,No,No,No,1,,,
,Professional,No,,,,,,,,,,,,,,,,,,,,,,,,,,,,,,,,,,,,
,Owner,Yes,House,2,1.5,1 Year,,Limited,Yes,No,Yes,Yes,Yes,Yes,No,No,No,No,No,No,No,No,No,No,No,No,No,No,No,No,No,No,No,No,2,,,
,Owner,No,Duplex/Triplex,2,1,1 Year,,Yes,Yes,No,No,Yes,No,Yes,Yes,No,No,No,No,No,No,No,No,No,No,No,No,No,No,Yes,Yes,Yes,No,No,1,,,
,Professional,No,Apartment,1,1,1 Year,,Yes,No,No,No,Yes,No,No,No,No,No,No,No,No,No,No,Yes,No,No,No,No,No,No,No,No,No,No,No,0,,,
,Professional,No,Apartment,2,1,1 Year,,Limited,No,Yes,No,Yes,No,No,Yes,Yes,Yes,No,No,No,No,No,Yes,No,No,No,No,No,No,No,Yes,Yes,No,No,0,,,
,Professional,No,,,,,,,,,,,,,,,,,,,,,,,,,,,,,,,,,,,,
,Owner,Yes,,,,,,,,,,,,,,,,,,,,,,,,,,,,,,,,,,,,
,Owner,No,Condo,3,1.5,Month-to-month,,No,Yes,No,Yes,Yes,No,Yes,No,Outdoors only,No,No,No,No,No,No,No,No,No,No,No,No,No,No,No,No,No,No,2,,,
,Owner,No,,,,,,,,,,,,,,,,,,,,,,,,,,,,,,,,,,,,
,Owner,No,Condo,1 + Den,2,1 Year,,No,Yes,No,Yes,Yes,Yes,No,Yes,No,Yes,Yes,No,Yes,No,No,No,No,No,No,No,No,No,No,Yes,Yes,No,No,1,,,
,Owner,No,House,3,1,1 Year,,Limited,No,No,No,No,No,No,No,Outdoors only,No,No,No,No,No,No,No,No,No,No,No,No,No,No,No,No,No,No,2,,,
,Professional,No,Apartment,2,1,Month-to-month,,Yes,Yes,No,Yes,Yes,No,No,Yes,Outdoors only,No,No,No,No,No,No,Yes,No,No,No,No,No,No,No,Yes,Yes,No,No,1,,,
,Owner,No,Apartment,2,1,1 Year,,Limited,No,Yes,No,Yes,No,No,Yes,Outdoors only,No,No,No,No,No,No,Yes,No,No,No,No,No,No,No,Yes,No,No,No,1,,,
,Owner,No,Apartment,2,1,1 Year,,Limited,No,Yes,Yes,Yes,No,No,Yes,Outdoors only,No,No,No,No,No,No,Yes,No,No,No,No,No,No,No,Yes,Yes,No,No,1,,,
,Owner,No,House,3 + Den,2.5,1 Year,,Limited,Yes,No,Yes,Yes,Yes,Yes,No,No,No,No,No,No,No,No,No,No,No,No,No,No,No,No,No,No,No,No,2,,,
,Owner,No,Basement,3 + Den,1,1 Year,,Yes,Yes,No,No,Yes,No,Yes,No,Yes,No,No,No,No,No,No,No,No,No,No,No,No,No,No,No,No,No,No,2,,,
,Owner,No,Basement,3 + Den,1,1 Year,,Yes,Yes,No,No,Yes,No,Yes,No,Yes,No,No,No,No,No,No,No,No,No,No,No,No,No,No,No,No,No,No,2,,,
,Owner,No,Basement,2,1,1 Year,,No,Yes,No,No,Yes,No,Yes,No,No,No,No,No,No,No,No,No,No,No,No,No,No,No,No,No,No,No,No,2,,,
,Owner,No,House,4,3.5,1 Year,,No,No,No,No,No,No,No,No,No,No,No,No,No,No,No,No,No,No,No,No,No,No,No,No,No,No,No,0,,,
,Owner,No,Condo,3,1.5,1 Year,,Yes,Yes,No,Yes,Yes,No,No,Yes,No,No,No,No,No,No,Yes,No,No,No,No,No,No,No,No,Yes,Yes,No,No,2,,,
,Owner,No,House,3,1,Month-to-month,,No,No,Yes,No,Yes,No,Yes,No,No,No,No,No,No,No,No,No,No,No,No,No,No,No,Yes,Yes,Yes,No,No,1,,,
,Owner,No,Condo,1,1,1 Year,,No,Yes,No,No,No,Yes,No,Yes,No,No,No,No,No,Yes,No,Yes,No,No,No,No,No,No,No,Yes,Yes,No,No,1,,,
,Owner,No,,,,,,,,,,,,,,,,,,,,,,,,,,,,,,,,,,,,
,Owner,No,House,3 + Den,2,1 Year,,Yes,Yes,No,Yes,Yes,No,Yes,No,Outdoors only,No,No,No,No,No,No,No,No,No,No,No,No,No,No,No,No,No,No,3+,,,
,Owner,Yes,,,,,,,,,,,,,,,,,,,,,,,,,,,,,,,,,,,,
,Professional,No,Apartment,2,1,1 Year,,No,No,Yes,Yes,Yes,No,No,Yes,No,No,No,No,No,No,No,Yes,No,No,No,No,No,No,Yes,Yes,Yes,No,No,0,,,
,Professional,No,Apartment,2,1,1 Year,,Limited,No,Yes,No,Yes,No,Yes,No,No,No,No,No,No,No,No,No,No,No,No,No,No,No,No,Yes,Yes,No,No,0,,,
,Professional,No,Apartment,2,2,1 Year,,Limited,Yes,No,Yes,Yes,No,No,Yes,No,Yes,No,No,Yes,No,Yes,Yes,No,No,No,Yes,No,No,No,Yes,Yes,No,No,2,,,
,Owner,No,,,,,,,,,,,,,,,,,,,,,,,,,,,,,,,,,,,,
,Owner,Yes,Apartment,1 + Den,1,Month-to-month,,Limited,No,Yes,No,Yes,Yes,No,No,Outdoors only,No,No,No,Yes,Yes,No,No,No,No,No,Yes,No,Yes,Yes,Yes,Yes,Yes,Yes,1,,,
,Owner,No,Basement,2,1,1 Year,,No,No,Yes,No,Yes,Yes,No,No,No,No,No,No,No,No,No,No,No,No,No,No,No,No,No,No,No,No,Yes,1,,,
,Owner,No,House,3 + Den,2.5,1 Year,,No,Yes,No,Yes,Yes,No,Yes,Yes,No,No,No,No,No,No,No,No,No,No,No,No,No,No,No,No,No,No,No,3+,,,
,Professional,Yes,,,,,,,,,,,,,,,,,,,,,,,,,,,,,,,,,,,,
,Professional,Yes,,,,,,,,,,,,,,,,,,,,,,,,,,,,,,,,,,,,
,Professional,Yes,,,,,,,,,,,,,,,,,,,,,,,,,,,,,,,,,,,,
,Professional,Yes,,,,,,,,,,,,,,,,,,,,,,,,,,,,,,,,,,,,
,Professional,Yes,,,,,,,,,,,,,,,,,,,,,,,,,,,,,,,,,,,,
,Professional,Yes,,,,,,,,,,,,,,,,,,,,,,,,,,,,,,,,,,,,
,Professional,No,Apartment,2,1,1 Year,,Yes,No,Yes,Yes,Yes,No,No,Yes,No,No,No,No,No,No,No,Yes,No,No,No,No,No,No,No,Yes,Yes,No,No,0,,,
,Professional,Yes,,,,,,,,,,,,,,,,,,,,,,,,,,,,,,,,,,,,
,Professional,Yes,,,,,,,,,,,,,,,,,,,,,,,,,,,,,,,,,,,,
,Professional,No,Apartment,3,2,1 Year,,Limited,No,No,No,Yes,Yes,No,No,Outdoors only,No,No,No,No,No,No,Yes,No,No,No,No,No,No,No,No,Yes,No,No,0,,,
,Professional,No,Apartment,2,1,1 Year,,Yes,No,Yes,Yes,Yes,Yes,No,Yes,No,No,No,No,No,No,No,No,No,No,No,No,No,No,No,Yes,Yes,No,No,0,,,
,Professional,No,Apartment,Bachelor/Studio,1,1 Year,,Yes,No,Yes,Yes,Yes,Yes,No,Yes,No,No,No,No,No,No,No,No,No,No,No,No,No,No,No,Yes,Yes,No,No,0,,,
,Professional,No,Apartment,Bachelor/Studio,1,1 Year,,Yes,Yes,No,Yes,Yes,Yes,No,Yes,No,Yes,No,No,No,Yes,Yes,Yes,No,No,No,No,No,No,No,No,No,No,No,0,,,
,Professional,No,Apartment,1,1,1 Year,,Limited,No,Yes,Yes,Yes,No,No,Yes,No,Yes,No,No,No,No,No,Yes,No,No,No,No,No,No,No,Yes,Yes,No,No,0,,,
,Professional,Yes,,,,,,,,,,,,,,,,,,,,,,,,,,,,,,,,,,,,
,Professional,Yes,,,,,,,,,,,,,,,,,,,,,,,,,,,,,,,,,,,,
,Professional,Yes,,,,,,,,,,,,,,,,,,,,,,,,,,,,,,,,,,,,
,Professional,Yes,,,,,,,,,,,,,,,,,,,,,,,,,,,,,,,,,,,,
,Professional,Yes,,,,,,,,,,,,,,,,,,,,,,,,,,,,,,,,,,,,
,Professional,Yes,,,,,,,,,,,,,,,,,,,,,,,,,,,,,,,,,,,,
,Professional,Yes,,,,,,,,,,,,,,,,,,,,,,,,,,,,,,,,,,,,
,Professional,Yes,,,,,,,,,,,,,,,,,,,,,,,,,,,,,,,,,,,,
,Professional,No,House,3,1,1 Year,,Yes,Yes,No,Yes,Yes,No,Yes,No,No,No,No,No,No,No,No,No,No,No,No,No,No,No,No,No,No,No,No,0,,,
,Owner,No,Townhouse,3,2.5,1 Year,,No,Yes,No,Yes,Yes,No,Yes,Yes,No,No,No,No,No,No,No,No,No,No,No,No,No,No,No,No,No,No,No,2,,,
,Owner,No,,,,,,,,,,,,,,,,,,,,,,,,,,,,,,,,,,,,
,Professional,Yes,,2 + Den,2,,,No,,,,,,,,,,,,,,,,,,,,,,,,,,,,,,
,Professional,,,,,,,,,,,,,,,,,,,,,,,,,,,,,,,,,,,,,
,Professional,,,,,,,,,,,,,,,,,,,,,,,,,,,,,,,,,,,,,
,Professional,,,,,,,,,,,,,,,,,,,,,,,,,,,,,,,,,,,,,
,Professional,,,,,,,,,,,,,,,,,,,,,,,,,,,,,,,,,,,,,
,Owner,Yes,,1,1,,,No,,,,,,,,,,,,,,,,,,,,,,,,,,,,,,
,Owner,Yes,,1 + Den,1,,,No,,,,,,,,,,,,,,,,,,,,,,,,,,,,,,
,Owner,Yes,,1 + Den,1,,,No,,,,,,,,,,,,,,,,,,,,,,,,,,,,,,
,Owner,Yes,,2,1,,,No,,,,,,,,,,,,,,,,,,,,,,,,,,,,,,
,Professional,Yes,,,,,,,,,,,,,,,,,,,,,,,,,,,,,,,,,,,,
,Owner,Yes,,1 + Den,1,,,No,,,,,,,,,,,,,,,,,,,,,,,,,,,,,,
,Owner,Yes,,2,1,,,No,,,,,,,,,,,,,,,,,,,,,,,,,,,,,,
,Owner,Yes,,3,3.5,,,No,,,,,,,,,,,,,,,,,,,,,,,,,,,,,,
,Owner,Yes,,2 + Den,2,,,No,,,,,,,,,,,,,,,,,,,,,,,,,,,,,,
,Owner,Yes,,1,1,,,No,,,,,,,,,,,,,,,,,,,,,,,,,,,,,,
,Owner,Yes,,2 + Den,1,,,No,,,,,,,,,,,,,,,,,,,,,,,,,,,,,,
,Professional,Yes,,2,1,,,No,,,,,,,,,,,,,,,,,,,,,,,,,,,,,,
,Professional,Yes,,Bachelor/Studio,1,,,No,,,,,,,,,,,,,,,,,,,,,,,,,,,,,,
,Owner,Yes,,1,1,,,No,,,,,,,,,,,,,,,,,,,,,,,,,,,,,,
,Owner,Yes,,,,,,,,,,,,,,,,,,,,,,,,,,,,,,,,,,,,
,Owner,Yes,,5,2,,,Yes,,,,,,,,,,,,,,,,,,,,,,,,,,,,,,
,Owner,Yes,,,,,,,,,,,,,,,,,,,,,,,,,,,,,,,,,,,,
,Owner,Yes,,,2,,,,,,,,,,,,,,,,,,,,,,,,,,,,,,,,,
,Owner,Yes,,1,1,,,No,,,,,,,,,,,,,,,,,,,,,,,,,,,,,,
,Owner,,,,,,,,,,,,,,,,,,,,,,,,,,,,,,,,,,,,,Parking
,Owner,,,,,,,,,,,,,,,,,,,,,,,,,,,,,,,,,,,,,Parking
,Owner,Yes,,1,1,,,No,,,,,,,,,,,,,,,,,,,,,,,,,,,,,,
,Owner,Yes,,3,2,,,No,,,,,,,,,,,,,,,,,,,,,,,,,,,,,,
,Owner,Yes,,,,,,,,,,,,,,,,,,,,,,,,,,,,,,,,,,,,
,Professional,Yes,,,,,,,,,,,,,,,,,,,,,,,,,,,,,,,,,,,,
,Owner,,,,,,,,,,,,,,,,,,,,,,,,,,,,,,,,,,,,,Parking
,Owner,Yes,,Bachelor/Studio,1,,,No,,,,,,,,,,,,,,,,,,,,,,,,,,,,,,
,Owner,Yes,,2,1,,,Yes,,,,,,,,,,,,,,,,,,,,,,,,,,,,,,
,Owner,Yes,,1,1,,,No,,,,,,,,,,,,,,,,,,,,,,,,,,,,,,
,Owner,Yes,,3,1.5,,,Yes,,,,,,,,,,,,,,,,,,,,,,,,,,,,,,
,Owner,,,,,,,,,,,,,,,,,,,,,,,,,,,,,,,,,,,,,Parking
,Owner,,,,,,,,,,,,,,,,,,,,,,,,,,,,,,,,,,,,,Storage
,Owner,Yes,,Bachelor/Studio,1,,,No,,,,,,,,,,,,,,,,,,,,,,,,,,,,,,
,Owner,,,,,,,,,,,,,,,,,,,,,,,,,,,,,,,,,,,,,Parking
,Owner,,,,,,,,,,,,,,,,,,,,,,,,,,,,,,,,,,,,,Parking
,Owner,,,,,,,,,,,,,,,,,,,,,,,,,,,,,,,,,,,,,Parking
,Professional,Yes,,,,,,,,,,,,,,,,,,,,,,,,,,,,,,,,,,,,
,,No,,,,,,No,,,,,,,,,,,,,,,,,,,,,,,,,,,,,,
,,Yes,,,,,,No,,,,,,,,,,,,,,,,,,,,,,,,,,,,,,
,,Yes,,,,,,No,,,,,,,,,,,,,,,,,,,,,,,,,,,,,,
,,Yes,,,,,,No,,,,,,,,,,,,,,,,,,,,,,,,,,,,,,
,,No,,,,,,,,,,,,,,,,,,,,,,,,,,,,,,,,,,,,
,,Yes,,,,,,,,,,,,,,,,,,,,,,,,,,,,,,,,,,,,
,,Yes,,,,,,,,,,,,,,,,,,,,,,,,,,,,,,,,,,,,
,,Yes,,,,,,No,,,,,,,,,,,,,,,,,,,,,,,,,,,,,,
,,Yes,,,,,,No,,,,,,,,,,,,,,,,,,,,,,,,,,,,,,
,,Yes,,,,,,Yes,,,,,,,,,,,,,,,,,,,,,,,,,,,,,,
,,No,,,,,,Yes,,,,,,,,,,,,,,,,,,,,,,,,,,,,,,
,,No,,,,,,,,,,,,,,,,,,,,,,,,,,,,,,,,,,,,
,,Yes,,,,,,,,,,,,,,,,,,,,,,,,,,,,,,,,,,,,
,,Yes,,,,,,,,,,,,,,,,,,,,,,,,,,,,,,,,,,,,
,,No,,,,,,,,,,,,,,,,,,,,,,,,,,,,,,,,,,,,
,,No,,,,,,,,,,,,,,,,,,,,,,,,,,,,,,,,,,,,
,,Yes,,,,,,No,,,,,,,,,,,,,,,,,,,,,,,,,,,,,,
,,Yes,,,,,,,,,,,,,,,,,,,,,,,,,,,,,,,,,,,,
,,Yes,,,,,,,,,,,,,,,,,,,,,,,,,,,,,,,,,,,,
,,No,,,,,,No,,,,,,,,,,,,,,,,,,,,,,,,,,,,,,
,,Yes,,,,,,No,,,,,,,,,,,,,,,,,,,,,,,,,,,,,,
,,No,,,,,,,,,,,,,,,,,,,,,,,,,,,,,,,,,,,,
,,Yes,,,,,,No,,,,,,,,,,,,,,,,,,,,,,,,,,,,,,
,,Yes,,,,,,No,,,,,,,,,,,,,,,,,,,,,,,,,,,,,,
,,No,,,,,,No,,,,,,,,,,,,,,,,,,,,,,,,,,,,,,
,,Yes,,,,,,,,,,,,,,,,,,,,,,,,,,,,,,,,,,,,
,,Yes,,,,,,No,,,,,,,,,,,,,,,,,,,,,,,,,,,,,,
,,Yes,,,,,,,,,,,,,,,,,,,,,,,,,,,,,,,,,,,,
,,No,,,,,,,,,,,,,,,,,,,,,,,,,,,,,,,,,,,,
,,Yes,,,,,,,,,,,,,,,,,,,,,,,,,,,,,,,,,,,,
,,Yes,,,,,,Yes,,,,,,,,,,,,,,,,,,,,,,,,,,,,,,
,,Yes,,,,,,,,,,,,,,,,,,,,,,,,,,,,,,,,,,,,
,,Yes,,,,,,,,,,,,,,,,,,,,,,,,,,,,,,,,,,,,
,,No,,,,,,,,,,,,,,,,,,,,,,,,,,,,,,,,,,,,
,,Yes,,,,,,,,,,,,,,,,,,,,,,,,,,,,,,,,,,,,
,,No,,,,,,No,,,,,,,,,,,,,,,,,,,,,,,,,,,,,,
,,Yes,,,,,,,,,,,,,,,,,,,,,,,,,,,,,,,,,,,,
,,Yes,,,,,,No,,,,,,,,,,,,,,,,,,,,,,,,,,,,,,
,,Yes,,,,,,No,,,,,,,,,,,,,,,,,,,,,,,,,,,,,,
,,Yes,,,,,,No,,,,,,,,,,,,,,,,,,,,,,,,,,,,,,
,,Yes,,,,,,No,,,,,,,,,,,,,,,,,,,,,,,,,,,,,,
,,No,,,,,,,,,,,,,,,,,,,,,,,,,,,,,,,,,,,,
,,Yes,,,,,,No,,,,,,,,,,,,,,,,,,,,,,,,,,,,,,
,,Yes,,,,,,No,,,,,,,,,,,,,,,,,,,,,,,,,,,,,,
,,No,,,,,,No,,,,,,,,,,,,,,,,,,,,,,,,,,,,,,
,,Yes,,,,,,No,,,,,,,,,,,,,,,,,,,,,,,,,,,,,,
